content_length,hashtags_count,mentions_count,urls_count,emojis_count,engagement_rate,posting_hour,day_of_week,is_viral
112,4,15,0,2,8.023130713561322,21,5,0
445,4,11,4,2,3.5245972821572327,15,4,0
358,5,14,2,11,9.282335245062152,2,0,1
280,2,9,1,4,33.21096924944841,19,6,0
116,20,6,0,9,44.084530592175405,13,6,1
81,22,19,3,0,40.70628427955809,2,1,0
198,4,4,0,4,34.25671549372421,0,4,1
30,20,0,1,5,5.521593170555134,20,6,0
112,4,16,4,6,14.459372314797491,14,6,1
131,9,2,4,11,15.490343766123448,0,3,1
476,9,12,4,8,12.49784731988106,16,2,1
224,18,13,3,2,25.750282985486155,1,1,0
340,16,17,2,14,26.77769074398363,19,0,1
468,20,3,2,1,17.84429875855551,5,6,1
97,13,17,0,13,17.6894579368218,7,3,0
382,8,4,3,2,41.42777989530407,15,4,1
109,13,15,4,11,39.46464241598428,18,6,1
369,0,0,4,8,15.389791584037283,0,2,0
161,18,13,1,11,45.68942219366296,2,0,1
140,12,14,1,6,47.6407508501253,2,4,1
159,12,8,4,8,16.33712710150204,4,4,1
318,3,14,4,12,17.721247439652743,11,1,0
267,29,16,3,1,25.28170767109794,11,6,0
353,0,3,2,4,47.056040626683675,19,1,0
423,16,11,1,12,43.815971657115576,12,0,1
303,7,4,2,3,5.12839812917949,19,6,1
395,1,4,3,14,19.63653716357081,8,5,0
201,27,10,4,1,27.668559487488594,6,6,0
453,7,5,2,8,25.156623627577,3,5,1
286,6,6,4,8,9.693153396844634,18,4,1
170,25,13,4,5,42.940838558407734,21,1,1
469,25,10,0,10,33.84703914984187,18,2,1
323,1,12,2,5,41.89541874259018,5,6,0
31,21,1,2,7,42.93821396747361,12,2,1
262,21,6,4,5,37.41779268328699,10,6,1
245,2,19,3,0,21.960530062485866,12,4,0
354,26,3,0,3,30.527337750771228,12,1,1
58,17,7,4,12,8.018270305987157,21,0,0
484,11,19,1,6,33.68227087374539,19,0,1
68,0,18,1,12,8.962662786964037,14,0,0
179,21,12,0,12,34.69747952550784,20,6,1
485,11,13,3,1,11.479908037698433,12,6,0
197,4,9,4,8,5.877565007510999,21,2,0
473,29,10,2,7,8.26422450714787,10,1,1
280,29,1,0,7,0.0996067609535134,18,6,1
199,26,8,3,6,35.93698089267651,7,1,1
455,24,16,2,3,36.620052452918955,19,2,1
184,16,2,1,1,25.746667495662972,7,6,1
455,15,5,1,2,8.068140052769184,9,0,1
60,14,4,2,11,4.177716875534488,15,0,1
373,22,4,0,5,0.9564483218643505,18,4,1
64,14,14,1,11,8.287408848261036,22,5,0
253,4,16,4,11,44.54277674915733,10,3,1
329,20,8,2,4,12.076842085084088,12,5,1
140,13,2,2,11,17.71356636086078,8,6,1
494,1,19,1,7,5.267274224066659,19,1,0
316,10,16,0,5,11.118065237408514,23,6,1
144,18,9,4,5,25.961228539010257,18,1,1
30,6,2,0,0,30.387634154782628,15,1,1
338,5,17,3,3,12.267615708310553,6,5,1
176,27,17,3,4,2.8866079612558604,18,3,1
283,1,16,1,11,19.551643456369934,11,4,0
397,5,2,1,10,11.710168546316707,14,5,1
98,17,2,1,2,10.977696161490098,22,3,1
325,1,5,3,12,47.99314013567276,13,0,0
23,17,12,0,8,30.815024296286204,10,0,1
251,29,14,0,0,27.843922158604794,9,1,0
274,14,8,1,5,20.788755176166095,10,2,1
355,26,3,4,5,21.447216671507213,5,6,1
62,18,13,0,9,27.045250191904042,1,6,1
395,1,4,3,4,34.82149035180536,10,1,0
349,19,1,2,11,35.107304809091474,18,2,1
101,24,10,2,14,8.584695385272479,5,3,0
376,5,8,2,4,25.00563760383135,13,0,1
453,0,2,4,9,20.597904751705098,19,6,0
464,23,8,1,13,43.52634831346921,5,5,0
437,14,2,3,12,31.57094606091882,16,2,1
273,27,1,4,4,26.62520332079909,9,3,1
440,29,11,3,5,5.769732108945869,0,0,1
44,22,9,3,7,30.281894466170574,2,5,1
215,9,8,1,1,5.860195284011671,7,2,1
90,18,14,2,5,16.860328778287602,7,1,1
429,16,7,1,0,7.142098240716593,19,1,1
59,4,4,4,3,34.603682351218445,21,1,1
369,28,10,4,13,10.31260569180763,14,6,1
397,3,1,4,9,19.5929686594013,23,3,0
11,9,14,1,2,44.783738880938934,6,1,0
399,23,5,3,8,10.215819169948514,10,6,1
63,16,7,3,2,25.390253197938957,6,4,1
115,9,4,0,14,20.9635830583011,3,6,0
269,16,15,4,5,0.9062020522864866,11,0,1
319,27,17,3,0,39.63790567864064,5,6,0
486,19,5,0,11,3.4522953157299865,13,3,1
200,23,4,3,5,23.71275104884768,11,5,1
411,4,15,4,3,28.033914746947495,10,6,1
227,1,12,2,7,31.421322830729352,18,1,0
53,5,4,4,12,34.431581465393776,20,0,1
171,20,12,1,10,12.663619176135754,4,2,1
211,1,16,3,8,0.49893883292246866,13,1,0
455,12,17,3,3,36.1721831177456,20,0,1
493,29,7,1,9,26.78282996737893,23,4,1
279,10,12,1,11,41.805885160362436,15,2,1
360,10,18,2,9,41.06941814503472,12,4,1
313,15,2,3,5,42.16630838939416,21,5,1
280,10,7,3,0,24.25473299897701,21,0,1
465,18,1,2,3,16.681419791843282,19,4,1
471,14,7,0,6,39.5779101295685,21,5,1
224,24,12,2,11,22.564705651462745,3,0,1
261,22,12,4,14,9.172109820171725,10,0,1
199,22,0,3,0,42.748700978073714,16,4,0
305,15,5,1,7,44.127993838617364,6,0,1
222,10,18,4,11,23.315487807008505,13,1,1
217,21,15,3,9,3.7849863654893734,10,0,1
246,15,7,2,11,19.391304495846562,21,3,1
347,7,0,4,10,40.17688297313017,8,5,1
376,3,15,3,5,45.088701427311435,22,0,0
62,7,8,0,4,10.173637124879791,12,3,1
289,3,12,0,9,3.348680601263576,22,0,0
419,23,10,1,10,43.86752265664193,17,0,1
226,24,12,3,14,19.470246948943764,10,4,1
261,2,9,0,13,27.088048213378162,14,1,0
197,2,3,2,8,48.40329060253794,21,5,0
389,26,5,3,1,3.3282363957111425,18,1,1
50,28,6,2,4,32.41590037260478,0,2,1
166,17,4,2,5,3.7052711287433535,3,4,1
24,28,10,0,6,18.77344642332502,13,4,1
310,25,12,3,4,40.190727259672336,13,1,1
74,18,18,4,8,21.67361163778172,2,6,1
354,18,9,0,0,49.85911769514752,16,4,1
336,20,9,0,6,27.952964247330108,2,1,1
18,4,10,3,9,16.058107631797675,15,4,1
353,17,6,3,6,11.005566295237657,13,0,1
138,27,17,2,3,17.52602671430809,19,1,1
145,9,3,3,8,18.62666368797754,12,1,1
481,28,1,2,13,3.4356838861980488,14,3,1
72,21,13,0,11,18.47870997133866,13,4,1
148,20,12,1,10,23.211925986961248,23,4,1
90,5,11,4,4,36.13688761194023,18,1,1
401,0,6,0,3,32.8364742360804,5,0,0
172,4,1,3,12,35.438282761457714,9,0,0
428,8,12,4,6,0.41818409384285493,14,5,1
298,11,13,1,3,10.883369979026803,20,0,1
388,25,16,1,14,33.084214419992826,21,4,1
270,13,8,2,2,24.199468408987357,19,6,1
499,1,16,4,8,0.2656737834172973,5,3,0
240,16,7,2,10,40.22473212159112,22,1,1
50,13,1,0,7,38.64047866451687,9,2,1
37,25,12,4,0,27.420958149678132,6,3,0
144,12,2,0,6,3.323166288813606,21,6,0
210,26,15,2,8,38.32575247662923,16,2,1
337,8,5,4,7,29.185679386568196,17,3,1
277,25,18,2,7,39.097998857897956,16,0,1
427,24,6,4,12,37.58734961979202,8,4,0
42,14,9,2,5,40.15010359789186,9,6,1
57,24,8,1,10,25.90040332023124,9,2,1
416,21,1,2,3,7.016225909675749,6,6,1
71,14,14,1,7,33.557873668984435,15,3,1
225,23,4,2,2,31.02368925259853,17,4,1
302,29,3,4,12,37.11265935995436,5,6,0
108,10,19,4,8,8.494050302536765,19,2,1
181,15,3,4,12,9.748759995014462,0,1,0
369,28,17,3,1,44.52047586096642,0,3,0
223,16,3,0,1,37.49888992260354,11,1,1
484,25,16,4,11,45.411424435016144,20,0,1
44,3,11,1,12,37.93576605819604,1,1,0
458,0,16,4,14,29.857765299515094,3,1,0
236,7,9,3,11,32.70663685139368,16,5,1
110,16,0,1,6,44.456396197000494,3,3,0
440,2,17,3,11,28.940337725597026,10,0,0
471,28,17,1,9,31.619566216419372,21,1,1
140,19,13,2,3,7.823835800180029,3,4,1
266,14,14,0,9,23.696061005805134,0,2,1
14,14,11,0,7,35.81985559790495,6,1,1
227,23,3,3,8,13.54713491581827,17,0,1
264,21,2,0,6,10.112709026226746,8,1,1
407,13,19,3,4,15.691340411220779,2,2,1
368,25,11,3,7,12.075031399641672,7,0,1
292,27,6,3,3,10.745631851819793,23,3,1
402,22,10,0,1,21.242542143404346,18,0,0
216,13,0,3,10,45.391925694176706,3,3,1
24,23,5,0,14,25.352982336935913,17,0,1
355,1,14,3,11,9.396019040766152,19,6,0
51,12,14,4,5,3.848583469043704,10,2,1
389,25,18,3,8,34.80780725689626,13,2,1
470,13,10,1,0,19.139938221819392,17,0,0
188,26,1,3,10,41.09154732926796,15,6,1
72,23,13,2,9,32.97553843203851,2,1,1
361,18,1,3,11,39.81207252706842,14,2,1
240,6,3,1,6,13.597301970922437,3,3,1
250,2,16,1,9,34.6179461230529,4,3,0
61,14,2,0,8,13.203099234685938,16,4,1
105,22,12,4,9,46.95342397251458,6,5,1
397,13,8,3,8,31.81871407666872,15,6,1
231,10,6,0,9,16.225590008767103,13,5,1
494,14,14,4,10,13.475593114613632,15,5,1
416,27,10,3,12,9.546329253582176,6,3,0
240,12,19,2,2,34.73204794468639,8,4,0
246,17,1,3,10,10.935780649896365,3,5,1
152,25,14,1,12,29.765163296374453,21,5,1
180,5,13,1,4,13.231751346267867,10,0,1
38,2,19,2,7,33.09844723969343,1,0,0
45,18,10,0,7,40.74698642702696,11,0,1
22,14,2,4,3,38.90126215723266,11,1,1
169,24,16,3,14,38.042566546539085,3,5,0
336,22,11,1,14,9.386120284612604,17,1,1
196,4,14,0,11,4.419247349225936,20,4,1
252,27,15,2,10,34.94744142436928,6,6,1
95,9,4,1,10,18.417360689717565,0,3,1
293,6,19,2,0,21.617311320167364,22,5,0
75,24,5,3,0,1.5574546396695532,12,3,1
179,16,18,4,14,12.97882246375246,5,6,0
54,6,4,1,3,1.6838201937232011,5,0,1
71,21,2,1,5,43.95928863006238,11,5,1
450,25,0,3,7,12.169834160926523,7,2,0
143,29,5,0,5,27.866858478650403,23,1,1
293,11,14,4,11,1.9489660330565206,21,1,0
37,24,1,1,8,33.3423695652829,18,5,1
117,16,2,4,14,16.151367287704694,4,6,0
53,12,16,1,14,44.89595934788329,17,0,1
349,19,11,4,8,44.40590944670179,4,1,1
295,24,17,2,13,16.264530918087388,9,0,0
455,3,14,1,1,45.04804478452339,0,4,0
340,9,11,4,9,49.80788367493894,9,3,1
137,2,15,0,0,41.2707832061974,4,6,0
357,8,7,2,1,42.24356738776145,11,2,1
482,12,13,2,4,12.450436805454496,21,3,1
240,17,16,0,3,28.835119942887815,6,3,1
199,14,7,4,3,3.3627956983683926,8,4,1
234,3,14,3,8,4.745896841083486,21,1,0
394,14,13,0,10,49.94463060166453,20,2,1
386,21,17,4,7,16.331962471295547,11,1,1
292,1,19,0,5,37.40919560244232,22,5,0
455,14,6,0,0,40.33325265134082,0,3,1
130,7,2,1,1,42.90116355036146,10,5,1
125,7,11,4,5,49.881414870107825,20,0,1
470,16,2,3,10,12.074824262843393,14,3,1
242,11,19,1,1,2.0175413429849853,1,1,0
268,18,13,0,14,20.5595758997293,19,3,1
368,9,14,0,12,6.504033491447347,6,0,0
207,8,13,0,9,1.1212944581027562,20,4,1
465,4,6,4,4,18.021341357074306,11,5,1
420,5,16,4,13,39.18691255376182,21,5,1
146,19,11,1,4,28.309034561253544,17,1,1
327,25,19,3,5,15.638899460517703,2,3,1
174,1,3,1,5,32.71710027463598,6,1,0
234,26,8,2,13,11.600909015440536,10,4,1
316,23,5,0,5,0.7190723036042512,17,3,1
243,26,15,0,13,38.21766932182137,11,3,1
181,12,1,0,1,31.187154243200453,5,1,1
161,5,7,1,13,38.115131225047996,4,1,0
472,4,10,1,9,1.9469008343832805,0,0,1
324,24,12,0,13,41.85598139153261,11,6,1
383,0,16,1,12,30.976310001815165,10,6,0
169,20,7,4,14,28.169767535632005,3,4,0
105,21,17,4,13,31.23070240572658,17,6,1
481,20,17,1,2,43.2216623434182,3,0,0
242,5,13,0,13,29.346825327945353,16,5,1
189,5,14,1,5,29.047518994408968,1,3,1
122,22,5,1,12,49.53395785328829,23,1,1
327,15,10,1,7,37.8365083534284,21,3,1
451,3,12,2,11,22.114690272556764,1,3,0
61,29,0,4,12,35.369850001646384,11,2,0
277,10,5,3,10,19.461523584589425,5,5,1
304,29,8,3,11,11.44377312417495,9,2,1
395,29,7,2,0,29.84259384438797,22,6,1
396,29,10,1,0,46.409104905697575,20,3,0
122,23,18,2,10,46.45697600077314,22,1,1
110,22,8,2,12,17.095263905274514,15,3,1
122,8,16,0,1,26.38387331108475,13,5,0
449,22,11,4,10,10.58179492849306,6,2,1
90,2,13,3,14,49.78155547494417,18,1,0
196,18,14,1,11,49.05589539339679,22,3,1
122,7,15,3,11,32.475446485372366,16,4,1
11,4,19,3,5,40.22070298387367,8,5,1
139,3,0,4,8,35.755008064185,12,5,0
229,23,9,3,3,29.65791095197341,21,4,1
63,5,7,3,2,2.6673998494448847,4,3,1
352,1,17,2,11,22.738217127633053,22,5,0
494,19,0,4,7,33.739315108370526,4,1,0
233,27,1,0,10,33.876580694184234,9,3,1
234,10,0,1,9,18.65613092111918,20,3,1
394,3,0,3,13,47.084599332901526,9,2,0
412,14,8,1,8,8.36785161183905,6,5,1
135,5,12,0,11,25.01797231077803,14,5,1
139,21,0,1,10,34.54419882754114,6,4,0
62,16,12,0,4,34.85679029459046,14,2,1
181,29,19,2,8,32.43194783844078,2,6,1
227,23,6,3,1,13.764410672593009,18,2,1
169,5,1,0,2,7.810328434331098,9,5,1
207,18,5,1,6,31.797016341335542,14,3,1
425,29,6,3,6,29.965105806971888,2,2,1
256,24,13,2,5,8.967800514462049,5,4,1
333,1,17,3,5,35.25695727852817,11,2,0
448,14,14,0,1,22.75859958668282,14,4,0
212,10,1,2,9,33.38802958015765,5,6,1
193,7,9,1,5,41.868353988507536,12,2,1
132,25,11,2,3,8.486421428846159,18,4,1
410,18,16,2,11,0.9572433998418339,2,2,1
264,12,7,4,2,38.955129319789336,7,6,1
303,11,10,2,12,30.484871257630797,7,2,0
289,4,2,2,10,34.98197848110608,22,1,1
334,5,5,3,12,41.90774874943213,19,4,1
381,25,8,1,1,40.14054674122502,14,6,1
107,21,5,3,0,48.046007346441236,3,4,1
207,3,8,3,10,26.79675394260591,18,4,0
479,18,6,0,10,24.42478163299527,20,0,1
404,19,8,3,4,20.094359994536504,2,6,1
249,0,17,4,1,7.684552142210227,12,2,0
153,19,11,4,1,28.63036164410112,7,4,0
106,16,7,0,6,13.85062621629894,22,5,1
210,11,7,1,7,46.06537561064877,15,0,1
133,14,17,1,12,29.15954021385488,12,1,1
196,0,19,3,9,29.642009025405507,2,4,0
335,25,14,3,7,17.746233043850502,15,4,1
473,13,6,3,13,2.5994675988853744,8,0,0
358,5,10,1,3,1.587188268649431,13,2,1
268,4,19,2,14,21.166757207659874,12,5,1
157,29,15,4,13,4.228268904861893,20,1,1
261,10,3,2,0,30.342347777006957,6,4,1
452,3,5,2,10,44.04865028198287,14,2,0
429,12,2,1,6,44.14574082593611,6,6,1
412,10,8,2,0,32.95227050661162,5,5,1
355,2,9,0,10,10.56159157364655,1,6,0
460,0,13,3,3,43.149841567943604,8,5,0
156,5,10,0,7,44.30467176566041,21,1,1
157,17,17,4,1,9.832679247647935,23,3,0
361,23,11,3,5,36.871304288533864,16,5,1
208,9,11,2,12,14.325977446356147,4,3,0
317,4,12,4,5,40.13201561764648,11,6,1
498,22,12,3,11,49.86189499518014,0,5,1
426,9,18,2,8,1.5013002664696407,9,1,1
433,11,18,0,4,44.86829328954659,10,0,1
137,1,13,3,9,31.131526679932904,15,1,0
48,12,3,2,3,48.669130958241055,13,1,1
347,7,12,0,4,23.25047587632138,7,0,1
369,1,7,4,11,42.369396528568686,23,0,0
138,19,18,4,11,3.1197034299138613,16,2,1
276,0,11,4,9,16.763952503914787,17,5,0
485,4,17,4,14,3.3508268875604985,11,6,1
450,8,5,1,10,48.76715667395353,16,2,1
482,16,17,3,4,40.84869536359184,13,0,1
443,8,18,3,7,42.62737106229852,15,3,1
160,10,4,1,9,46.89826157169471,13,6,1
424,14,8,2,11,4.255174305989268,8,3,1
487,23,2,2,7,19.27987962566667,3,1,1
307,5,9,4,1,3.551744452200106,22,4,0
108,22,18,0,6,10.53965507750143,10,1,1
272,2,2,2,7,11.468288851883617,5,1,0
261,29,14,0,10,23.455360552378934,14,4,1
153,16,0,3,5,13.428108372682129,4,5,0
355,4,6,0,4,5.048905340888055,10,0,1
121,29,11,3,10,8.374554454705386,17,3,1
69,27,16,1,8,7.363778177604546,12,1,1
378,11,19,1,12,48.653839895614915,10,4,1
11,17,4,4,2,37.96462534592368,13,2,1
394,13,3,2,11,48.3880732634781,17,1,1
313,20,11,4,12,21.987024325395428,18,3,1
263,23,19,3,12,13.91842408313283,23,0,1
149,10,17,4,9,39.91465986045933,14,1,1
462,8,16,0,3,16.31269590205734,8,1,1
46,1,18,3,8,14.969168685267414,7,5,0
169,11,8,1,5,11.62529961039156,19,4,1
18,2,3,2,7,6.483948911211767,0,2,0
242,2,1,3,6,12.823153050838298,3,2,0
108,0,3,3,10,17.765987423694384,13,6,0
156,7,1,0,1,33.69971040728652,1,0,1
313,21,14,2,2,3.128242110972579,15,6,0
217,27,1,1,0,10.525346983267148,2,3,1
140,28,3,3,8,40.45118201458382,7,0,1
413,7,5,3,12,7.346096179188538,5,1,0
161,10,6,0,6,17.132257326126076,15,1,1
63,8,9,4,0,43.23294609290701,23,2,1
129,4,18,1,2,7.746265557172133,15,3,0
170,13,18,2,3,4.136841780909495,6,4,1
417,27,11,3,3,24.22689975400054,12,3,1
125,29,2,3,4,15.12097556392682,12,1,1
84,2,12,1,13,28.170418224192705,4,4,0
122,20,17,4,2,40.19024452417376,19,3,0
465,4,7,3,2,6.857424407637158,21,3,0
429,4,14,1,0,29.03495422771425,17,4,0
431,18,0,0,6,25.275438019493198,14,1,0
113,26,2,4,10,7.203939300659979,17,3,1
349,13,7,2,9,31.19992427644912,1,4,1
263,25,3,3,13,13.682020893038583,9,5,0
236,29,15,1,0,24.391715927200625,22,5,0
121,3,9,0,1,4.113616213853094,12,1,0
482,24,11,2,12,22.979202860681152,17,4,1
108,12,13,1,3,15.323173402141016,14,5,1
162,9,13,1,12,41.119060559267716,11,4,1
358,24,1,2,3,2.848936349868414,14,3,1
411,17,4,0,4,20.930363745916498,12,1,1
393,7,4,0,10,22.9215712065719,17,5,1
375,7,5,4,1,36.250303814955934,14,6,1
347,6,12,3,3,28.714378754510548,22,3,1
203,7,8,2,0,33.360616859709054,10,6,1
319,13,14,2,1,38.8524642825878,18,6,0
172,18,13,2,0,43.11014868290944,2,0,0
217,28,6,0,9,15.693774836123525,6,0,1
454,5,19,3,9,26.901135268195148,20,1,1
178,0,1,4,12,42.005403921959996,13,5,0
493,22,6,1,3,49.472556548252825,13,5,1
170,14,5,1,3,44.47596555218816,21,5,1
77,0,16,2,6,18.57336313121884,12,4,0
298,24,1,3,9,9.758325860932521,11,3,1
407,16,2,0,10,24.469626870329435,23,5,1
286,0,4,3,10,37.08207259180211,8,3,0
313,14,4,3,8,24.62845353766488,0,1,1
413,22,0,0,8,24.159043165683425,18,6,0
393,1,7,2,4,41.91152105409003,10,5,0
401,13,11,3,9,18.070188953359317,22,1,1
144,20,3,1,0,42.98973374058228,21,5,1
204,7,12,0,0,20.340240047586178,22,0,0
410,7,14,4,5,16.41165528391697,23,2,1
137,18,10,2,1,22.69949555998495,21,1,0
42,6,9,0,7,38.12234793374342,18,5,1
185,18,2,4,12,6.300101393199714,17,2,1
469,5,13,4,8,9.82096079360087,11,1,1
452,5,15,3,12,47.5722412831546,22,4,1
380,2,9,3,3,8.77458136906787,0,5,0
479,6,9,3,4,28.38636589655273,18,4,1
384,18,11,0,10,28.965723333096893,19,0,1
31,7,8,0,7,24.48122310251224,16,5,1
247,9,0,2,2,32.23726242884093,4,6,1
167,19,4,3,4,11.491336289880921,2,0,1
47,14,19,4,2,27.633113388837412,1,2,0
239,14,7,1,11,18.608662762344856,2,1,1
374,28,10,2,9,33.08336298145945,7,3,1
60,0,11,0,2,7.061177168657473,15,0,0
447,19,0,2,2,28.543870841973813,5,3,0
273,29,19,2,12,9.263517769166185,12,3,1
292,6,10,2,11,13.93215315575182,22,1,1
36,26,4,2,6,10.93549001617916,21,2,1
235,3,14,1,14,9.141888993440855,21,1,0
286,28,4,3,6,41.28554757803335,15,5,1
295,5,11,4,6,14.285378383044517,15,0,1
106,24,4,2,9,46.35618909322247,2,3,1
293,0,16,2,7,48.49632626725954,12,1,0
376,28,16,2,4,28.563023496854868,13,1,1
457,4,11,3,4,7.15005613328632,7,1,1
490,26,14,0,13,18.727412168979065,11,0,1
462,22,14,0,3,39.8866131674107,22,2,1
326,0,5,1,6,18.369536434853522,22,6,0
313,29,11,0,9,4.350860915139437,21,1,0
156,3,19,2,3,27.839245546409398,20,0,0
13,21,17,2,14,42.25604257480174,7,3,0
44,1,13,2,1,39.79631935717512,20,5,0
201,9,1,1,3,8.756157006517661,8,6,1
58,4,8,2,12,33.63823072062333,0,4,0
26,26,4,0,12,11.025213171782354,5,6,0
181,9,19,3,7,10.910376727608611,22,6,1
229,0,0,3,8,43.70358866525926,18,0,0
167,21,2,4,2,12.483447637011508,22,4,1
486,5,5,0,6,13.16236732590056,10,1,1
55,12,4,2,13,0.03266953806497774,10,1,1
382,14,4,3,11,43.53345170627588,22,6,1
15,3,0,0,13,39.62974066045673,12,0,0
108,12,16,3,8,31.3664467545339,10,4,1
389,23,18,2,10,37.51328819694211,17,1,1
242,19,13,3,3,7.60242837122459,22,3,0
46,23,11,4,9,22.916179729378772,14,2,1
289,14,9,4,14,17.560969367439043,0,2,0
358,28,19,3,2,4.688826312850825,20,1,0
311,7,17,0,4,24.306524260746205,6,4,1
190,4,10,0,0,46.03698251713177,22,5,0
104,28,1,0,2,2.002955952534724,12,1,1
108,14,17,3,14,14.573045674689695,11,5,1
197,3,6,0,7,10.377046810285172,17,5,0
490,11,14,2,10,11.907332683284816,23,4,1
125,12,10,4,7,45.42172759396876,18,5,1
200,1,17,2,14,23.403452711714507,14,3,0
262,26,11,0,12,23.31497064699094,7,4,0
478,18,5,2,3,38.02878212276411,18,1,1
425,18,19,0,1,7.72461020024629,9,6,0
480,3,12,3,12,24.36326770500254,6,3,0
170,3,19,2,7,21.499260706052986,17,0,0
265,25,15,3,7,29.845534527332806,15,2,1
332,10,17,3,9,49.97788516252193,19,1,1
137,26,9,1,3,38.47244470410235,5,1,1
27,4,7,0,2,19.89328515087136,8,1,1
290,19,17,4,1,41.377652613702345,20,3,0
499,10,0,0,8,8.535418165624009,12,0,1
232,29,7,4,0,1.5231843154480063,20,6,1
63,9,5,0,6,10.222418623213652,7,4,1
67,7,4,3,4,17.020577805712982,15,0,1
332,5,14,2,7,25.529037872977995,12,3,1
369,5,14,2,3,30.75645702705999,12,1,1
183,7,1,1,6,45.53028586072109,16,2,1
289,22,0,4,12,25.492700477522884,22,1,0
123,14,10,4,4,25.063782231286467,19,4,1
297,25,9,4,14,2.5121504911491064,4,5,0
440,13,17,3,13,1.7455776328111905,21,2,0
351,10,17,4,4,27.557998095818604,20,1,1
160,11,16,2,13,21.908930662417227,16,6,1
459,25,7,3,8,41.95901974901493,8,2,1
136,12,14,0,8,8.033979235592259,1,5,1
164,7,7,4,12,1.24858310585248,17,0,1
499,29,16,4,8,22.451938396506293,8,3,1
395,17,11,0,11,11.873927837612875,5,1,1
483,24,7,4,5,2.4807186669418724,10,4,1
282,0,13,0,5,36.22991434238145,5,0,0
113,14,3,3,4,5.579649997862374,5,1,1
426,7,0,2,8,30.415975000388585,12,0,1
402,27,0,0,9,14.052487508344457,10,4,0
308,10,18,1,7,8.6748025177511,13,1,1
255,11,15,0,6,18.987576145965875,1,5,1
185,11,13,4,6,40.072288811147686,7,5,1
48,3,15,3,5,19.604678845228634,2,4,0
486,15,4,3,4,37.538482460552785,22,2,1
179,3,8,0,12,6.274314839957534,20,4,0
256,4,1,2,3,38.638570983253956,2,2,1
35,23,17,1,2,11.846666245332433,0,1,0
364,4,5,3,2,33.86965649444364,23,2,1
315,7,8,4,5,28.289077742049816,18,1,1
418,9,0,4,14,46.45723586058437,17,1,1
417,16,8,2,3,19.366125898765702,16,6,1
22,27,15,3,11,3.308259441722022,19,3,1
325,25,12,0,11,0.9577742775626452,23,1,0
400,8,8,4,5,41.34292804863765,12,2,1
322,21,12,2,2,26.236781883071608,2,3,0
45,18,8,3,14,38.76220259174746,0,3,0
182,28,10,3,3,11.721280000575735,3,1,1
29,13,3,3,14,17.254187275661685,12,4,1
330,7,1,3,8,1.505193610565947,16,4,1
273,8,5,3,4,48.07461622870561,10,5,1
409,21,13,4,12,33.39339533504067,1,3,0
151,10,3,2,6,46.66025438796531,15,1,1
469,22,5,3,9,13.274820371453616,1,6,1
380,0,18,1,1,30.573180561283042,18,4,0
480,13,5,1,13,33.924998414631894,22,6,1
152,4,1,2,13,15.877485012879422,18,1,1
101,20,17,0,4,42.405461750781505,15,1,1
363,25,12,0,8,47.35807314501239,21,3,1
331,13,8,0,10,44.24275588480022,18,6,1
297,3,18,1,2,36.953348796968626,8,5,0
224,21,12,0,13,13.873233986247701,0,3,0
456,22,10,4,8,14.080802105281586,9,0,1
351,24,0,3,13,48.1680160223019,18,6,0
60,0,6,1,10,0.5142247967846014,0,4,0
162,21,14,2,14,35.802498662107226,1,4,0
195,22,0,2,5,35.31230812776311,15,4,0
72,18,11,3,3,31.134477047489874,11,2,1
199,7,6,1,6,49.50544230434329,7,1,1
134,14,14,0,7,15.593971788186261,22,3,1
159,20,18,0,5,16.998593189662408,17,4,1
323,14,0,4,4,3.9469701473277774,1,0,1
67,8,16,4,5,22.139906827186874,12,4,1
351,20,16,0,4,13.052426311742405,5,5,1
314,8,2,2,7,17.169335108882212,20,1,1
189,9,11,2,0,41.72858951278138,5,6,0
179,19,5,4,10,46.77422567637478,8,1,1
335,24,10,3,6,9.286653600259282,15,6,1
280,20,2,0,14,18.625446577673294,10,6,1
63,25,7,4,9,46.4315281057697,6,3,1
453,8,13,4,9,3.0904230344611316,9,2,1
110,2,13,0,10,4.6180264055689255,9,6,0
490,19,9,0,1,8.139549460311468,19,6,1
273,24,1,2,14,29.760641706343737,17,3,1
62,25,13,3,13,7.523613550299873,23,4,0
69,10,8,3,8,48.40381907253668,19,5,1
117,5,2,0,0,22.335726362926017,8,0,1
14,1,7,1,10,25.07589801750832,14,3,0
112,6,15,4,9,12.332930790270325,3,2,1
205,17,1,4,5,23.548012621736675,7,3,1
271,26,5,0,8,33.095681631850574,8,1,1
374,1,11,1,0,37.55885684770214,12,4,0
489,26,4,2,3,37.69340413549565,8,4,1
381,16,1,0,3,28.894555634704417,3,6,1
359,10,15,0,14,45.217988749692864,16,4,1
56,26,4,4,8,40.87039236530547,15,4,1
364,11,14,0,10,37.852405734931274,14,4,1
320,26,11,0,4,2.780276084023031,2,4,1
433,18,3,0,4,0.3438981109824657,19,0,1
317,21,14,4,5,10.622363859773648,4,2,1
153,23,10,2,0,33.176179695672616,22,6,0
278,24,15,2,0,20.559874444127292,4,4,0
379,6,5,0,14,20.120312964965585,19,6,1
133,19,13,4,8,44.22934441148069,14,2,1
115,5,17,2,2,44.77814240659194,17,5,0
167,20,11,2,3,45.458763202679286,14,4,1
156,23,10,2,0,15.693903825751365,1,6,0
154,0,12,4,8,34.55279063696309,12,3,0
129,16,10,4,14,13.581659063718481,3,6,0
328,28,15,0,7,9.530491653722489,9,4,1
284,10,14,3,1,9.231622867368461,12,1,0
101,21,14,2,7,17.1053810431797,9,0,1
67,25,3,3,14,21.497880988991085,8,3,0
448,27,10,4,6,41.54745855275342,7,3,1
355,17,18,4,10,5.994554673635605,2,1,1
238,20,14,4,5,36.74629236974471,15,4,1
483,16,3,3,0,26.572745709465266,13,0,1
126,6,12,4,14,14.397267133799623,8,3,0
327,16,18,0,6,24.640979226641228,20,0,1
288,19,1,4,9,14.997103488851133,10,3,1
136,8,13,1,6,29.804097761915298,2,4,1
402,16,3,3,12,21.69219614276221,4,5,0
405,19,15,1,13,8.220276453943937,9,3,0
138,21,19,4,8,5.829153727784836,12,5,1
67,21,13,0,0,27.33478410360651,3,3,0
131,27,14,2,1,45.12065166430517,23,2,0
10,28,2,4,10,17.197884327884278,12,4,1
248,7,7,0,8,36.65000536113116,11,1,1
299,16,15,3,12,32.93306774698835,4,5,0
105,6,9,1,8,46.57774571547405,9,1,1
135,0,3,1,12,41.049050864957046,23,4,0
127,12,17,1,5,28.330262945273148,8,6,1
57,29,1,3,5,32.85152491170537,19,1,1
98,22,16,0,3,44.919323329201745,6,4,1
497,18,12,3,3,19.97593922934674,1,1,1
246,26,3,1,4,16.339735292888868,21,5,1
382,23,10,4,2,0.540554181759817,23,2,0
394,18,6,2,0,41.32755370957321,22,1,1
281,29,11,3,14,40.04903502016825,6,5,0
198,29,9,3,0,5.222725905007569,7,3,1
496,28,6,0,11,28.842869056635013,6,4,1
201,16,12,0,14,23.199084908344368,20,0,1
456,12,6,3,12,5.9354547754555735,22,6,0
78,28,16,1,6,49.02841135303618,13,0,1
287,29,9,2,0,10.734794373167771,18,4,1
358,15,9,0,0,3.3617090045280573,4,2,1
256,7,3,1,2,29.74236897509548,22,1,1
460,18,19,4,9,36.943333856651634,17,2,1
85,17,3,0,14,1.6221723023593482,19,0,1
163,0,6,1,3,32.93588193635111,11,6,0
153,13,0,1,3,26.614593797572724,22,5,1
444,18,11,2,1,5.163250443752421,16,6,0
494,14,12,2,0,8.626193847318103,12,4,0
95,17,9,4,2,28.398714865804024,1,4,1
194,1,14,1,10,14.81788067566442,12,2,0
294,21,12,1,3,46.9157864325658,6,5,1
471,27,8,2,2,40.93701147420254,9,2,1
229,16,8,0,7,49.17836032568315,22,1,1
78,17,14,0,13,12.983541947520699,5,3,0
56,29,9,3,9,48.48618163989885,2,5,1
103,5,9,2,0,21.561693489577895,2,3,1
247,18,7,3,13,17.375939765687733,17,6,1
455,3,15,2,1,2.517476348467662,10,1,0
462,0,16,4,12,2.638262892980131,21,3,0
213,7,4,1,6,34.600562797332735,19,0,1
409,28,3,4,3,22.896449721701394,4,6,1
227,22,17,2,7,11.326081301805285,18,3,1
483,6,18,1,10,30.69851531626163,21,1,1
441,2,3,0,12,12.642905912505558,18,3,0
350,9,6,0,2,28.88158771722113,14,4,1
48,9,9,3,5,17.960437349134516,15,2,1
109,18,17,2,8,41.17761133059095,23,0,1
298,13,18,2,0,41.034808038338966,8,4,0
263,1,3,0,0,23.867519906120066,3,4,0
231,27,9,4,7,17.54095546675078,14,1,1
366,0,0,1,2,18.12798982795473,11,2,0
32,22,17,4,4,40.285726283410895,22,2,1
259,22,4,4,0,16.4089741398806,2,5,1
19,27,14,0,4,10.4529686853423,22,6,1
255,17,16,0,10,4.234417093765341,13,0,1
334,6,2,0,5,23.33465604422042,16,6,1
109,28,11,3,7,24.106604945992093,18,1,1
299,7,1,4,12,42.04543552014536,5,0,0
189,0,0,2,13,11.061934822303199,3,5,0
232,24,16,1,2,19.049563683419997,6,3,0
403,22,15,3,2,40.42028694468455,18,4,0
259,2,4,2,11,41.181180537448675,16,0,0
156,23,14,4,10,19.23055379893841,15,6,1
451,22,2,0,10,22.956201164334043,14,4,1
105,26,6,4,9,15.164294542464146,21,1,1
266,28,10,1,8,46.6277439209656,7,6,1
334,7,9,3,3,5.932188287079016,18,3,1
13,21,8,3,14,46.6874711500735,7,1,0
25,24,13,1,3,34.19332259176716,17,3,1
289,14,12,2,11,26.57860763433656,15,3,1
345,4,1,2,6,1.6329530392247937,19,4,1
256,2,2,3,1,23.779809591100413,18,1,0
267,18,6,3,7,20.387405250136613,9,1,1
485,0,17,0,5,8.060940598756128,16,0,0
393,27,2,2,2,32.82048017503285,12,6,1
169,14,9,1,8,48.55754536841429,12,1,1
484,7,6,2,4,28.109440553226257,6,0,1
349,1,8,0,7,35.73766382219729,9,2,0
161,2,16,3,6,3.422522628300839,1,2,0
405,23,10,3,13,20.883349790849735,3,2,0
187,13,6,0,7,5.817924258224794,5,5,1
172,23,13,1,6,30.63979177682552,23,1,1
389,13,18,3,2,46.92410791070773,17,5,0
42,10,3,4,1,33.08888662358193,22,6,1
426,15,5,3,6,3.8401524157210765,5,1,1
454,3,9,4,2,17.733310249254142,22,0,0
188,19,6,0,2,27.533168972042578,16,5,1
436,4,12,0,1,20.160387806662612,13,5,0
110,21,13,3,3,41.68220052375862,23,6,1
277,20,3,2,7,40.73355023549946,10,5,1
332,13,7,4,11,30.591551005161072,18,3,1
74,22,4,1,0,18.672897256635263,1,0,1
426,15,0,3,0,12.766818688162207,2,2,0
177,17,3,1,11,5.2937159106564655,10,0,1
339,6,2,3,13,17.7448841743277,5,3,0
52,9,8,2,4,20.658625860385975,13,6,1
53,6,7,2,10,33.79114625520368,18,6,1
294,0,0,2,4,32.90799121487867,15,1,0
406,22,5,2,10,3.5054069820628477,20,0,1
21,20,8,0,11,19.762965771557887,21,6,1
104,18,6,0,0,9.088943360868097,23,5,0
311,15,3,4,5,7.840635265840285,6,6,1
395,28,12,1,0,41.36510748686229,7,6,0
262,18,16,3,4,2.0957608358128765,18,6,1
251,3,1,3,8,20.959143795106066,19,6,0
44,28,4,0,11,8.41018278832591,15,2,1
224,27,11,3,13,43.9665107839237,21,2,1
346,17,7,0,4,27.852025663751757,6,1,1
99,1,5,4,5,11.5690318188424,8,6,0
273,0,7,1,7,25.12136435831882,12,0,0
102,14,17,4,10,36.574317985155794,0,3,1
419,4,2,2,0,47.90590044597169,7,1,1
467,19,11,2,13,11.022300212270947,23,0,1
99,10,2,2,1,44.309088606467256,21,6,1
427,9,5,4,8,46.71520570837451,3,4,1
124,1,1,3,2,45.82102722660331,2,6,0
114,2,11,1,5,31.770717843095493,2,2,0
400,22,1,2,4,31.491032721735383,21,3,1
205,22,5,2,10,20.16053165919114,12,5,1
323,11,16,2,1,37.619894115189396,7,3,0
123,19,2,1,13,26.564700917546595,6,5,0
84,4,1,2,14,33.871903561414726,0,3,0
422,4,19,1,6,21.42289519243977,15,2,1
385,5,7,2,3,36.574823202156956,5,5,1
429,29,11,4,0,41.22357588022745,6,0,0
226,8,3,4,12,7.321812830140805,11,5,1
286,1,4,1,3,41.6464857787114,22,1,0
258,20,12,4,5,27.014826589515362,8,0,1
173,11,14,1,6,42.233295454511214,10,1,1
403,2,15,4,14,21.56508531705073,9,6,0
366,19,9,4,6,18.952024269151753,20,3,1
466,25,15,1,13,45.75303662586112,0,0,0
417,21,11,3,6,12.558463377420065,17,3,1
201,11,16,4,2,42.210616264307156,3,6,0
236,23,15,2,5,24.201028625470205,4,4,1
186,16,11,3,12,25.704772127562986,8,3,0
108,9,7,1,7,15.4234140744742,16,6,1
45,29,19,3,3,28.652110030950784,2,3,1
475,23,2,0,12,16.260559813810566,15,6,1
496,26,15,0,7,1.9634707120826156,4,1,1
105,13,12,4,1,13.599930267217802,15,6,0
161,22,18,4,14,0.31895217032953393,2,5,0
160,16,7,2,9,48.91773935284283,19,4,1
199,17,4,3,8,48.287360490987375,14,3,1
233,18,19,0,8,19.75776487361525,2,6,1
46,16,7,4,7,36.4185427169823,19,6,1
277,13,11,3,9,17.290304920521248,13,3,1
378,8,0,4,13,33.5546578542988,15,4,1
192,7,19,4,12,40.27150215229896,16,4,1
22,1,5,0,9,47.33781223461204,23,6,0
288,12,17,0,0,20.0106137924836,19,0,0
226,24,7,4,1,39.16489914780239,22,1,1
364,6,6,1,5,13.29642253160594,17,4,1
370,8,0,4,9,49.51661518968242,17,4,1
295,21,15,4,4,1.2884799382175571,21,2,0
282,21,11,2,11,30.17644032505605,13,5,1
378,10,5,2,13,32.97529908256636,17,4,1
71,13,19,2,8,34.402277853706444,14,1,1
93,3,1,1,4,6.019378939454451,14,5,0
377,25,13,1,1,46.92648917365652,5,5,0
226,25,3,4,9,9.05916395250414,14,3,1
351,28,0,2,3,31.137670161992055,17,3,0
406,12,17,1,8,11.133803956154248,3,3,1
196,1,12,0,0,15.360820851063545,22,3,0
28,22,1,4,10,27.322927086406217,7,2,1
186,4,8,3,0,20.859670928228823,14,4,1
109,10,1,4,11,8.011280048825315,2,3,1
405,5,8,3,6,8.546820121042414,14,6,1
454,17,0,2,10,20.907239408139983,12,0,0
242,20,10,3,2,37.86414891377504,8,3,0
412,9,2,2,9,44.89823234238943,1,4,1
85,3,19,0,1,4.206383112969142,23,3,0
274,8,3,3,8,19.655195377970053,7,2,1
464,5,17,4,2,5.012278186143831,19,1,0
293,1,5,2,1,0.8296240316298942,16,1,0
215,16,2,4,11,33.08593413219783,12,4,1
232,4,10,1,7,30.12247209832939,0,6,1
393,24,14,2,9,8.150955690744311,1,1,1
61,5,4,3,5,11.690641654653206,14,1,1
348,25,19,2,5,1.185387682225919,11,0,1
376,11,9,4,9,41.74736028472019,13,4,1
153,22,11,0,10,48.73452980242757,1,6,1
382,20,14,2,6,6.7729768397345405,17,4,1
78,9,16,3,6,11.573760688264906,21,1,1
108,21,9,1,10,43.4204761973467,6,1,1
405,20,5,0,12,46.32318989780924,22,1,1
34,26,17,1,14,20.981369140340515,5,5,0
445,24,12,2,5,2.5311236134537065,13,2,1
388,5,2,4,3,1.96959168464097,7,3,1
478,26,9,4,10,28.69749330345052,21,2,1
493,7,13,3,8,19.64475544465895,1,4,1
62,1,5,4,5,1.4326213788827258,16,0,0
160,11,2,0,3,29.16261961562784,4,3,1
153,12,15,4,11,0.5651268294511236,13,0,1
66,24,6,3,2,39.368597907463645,23,6,1
48,20,19,2,3,15.321641135168578,19,5,1
118,6,13,2,2,2.012900150461605,20,4,0
190,9,8,4,14,29.417611049157667,20,5,1
51,12,14,1,1,19.884220721652735,21,4,0
195,16,2,2,13,48.690020667857475,2,0,0
432,25,1,4,4,27.20993312518511,4,0,1
407,20,1,3,1,13.761959051850415,15,0,1
232,27,2,4,5,35.47194323169874,17,4,1
131,29,17,2,2,13.574600127135566,16,1,0
142,25,13,3,5,45.212164570378256,10,0,1
172,13,19,4,14,18.73609852536882,16,5,1
224,1,17,0,10,27.49342813881026,15,6,0
230,27,9,3,9,2.5286551912114428,22,3,0
244,21,1,0,8,21.30606189761154,1,4,1
340,10,0,1,0,41.61817698304975,3,5,1
155,0,3,3,5,40.28244026816709,20,2,0
248,18,13,0,8,11.215927942676313,6,6,1
85,20,0,2,10,11.303953550528135,1,2,0
18,3,13,2,3,40.86526561066184,5,3,0
83,18,15,1,10,46.51992100846628,16,1,1
451,25,13,3,11,4.768046063650178,6,0,1
410,28,19,3,1,22.502931971311263,4,4,0
262,20,2,3,12,16.872713948211448,4,5,0
239,10,2,1,3,43.53442277287197,19,0,1
16,7,8,3,0,4.176245734000938,15,5,1
183,10,5,2,2,10.556297127901871,18,4,1
150,3,12,0,9,37.623416879324715,8,2,0
177,16,1,2,8,2.564692449060779,4,0,1
179,26,7,2,9,24.626769035714464,7,3,1
402,6,1,0,4,22.105351733986,8,1,1
443,7,3,2,14,16.720058949437433,4,3,0
292,2,14,1,10,19.728615765946188,9,1,0
131,21,3,0,5,26.497029346511646,1,6,1
203,1,12,2,2,8.068367919419156,8,5,0
14,22,11,4,4,28.59979391417964,10,0,1
38,14,12,2,10,40.27161646499932,3,0,1
174,23,13,1,7,38.008046489507954,21,6,1
431,21,19,3,5,7.694995234688684,21,1,0
348,21,17,2,3,7.462473487073695,21,2,0
145,4,5,3,1,13.408718387245667,1,4,1
374,23,10,4,13,18.05373631705186,22,3,1
330,0,1,2,8,20.42277907042413,5,6,0
351,25,18,0,12,33.98486084166726,13,5,1
154,3,18,3,11,2.83402160829177,0,6,0
336,14,4,4,0,1.7336352113033193,17,3,1
226,19,18,0,0,19.595528147195452,6,3,0
310,18,1,0,12,34.85818460689902,0,5,0
141,2,9,0,3,9.671767147824129,0,5,0
301,19,1,0,6,32.07522406281259,0,0,1
79,10,10,2,0,12.991406897014974,23,3,0
261,16,17,2,8,44.30430544067582,3,4,1
424,29,14,2,3,44.78449721333082,3,4,1
284,26,8,4,2,14.864360214066325,17,1,1
454,12,18,4,0,11.499687698162026,10,6,0
373,10,8,4,9,20.565198603311565,0,5,1
191,1,2,1,3,12.026579259007436,9,0,0
176,8,8,4,8,33.61919216458518,8,4,1
100,25,13,2,12,41.30323422741428,22,2,1
211,1,18,2,13,33.65460654556085,3,0,0
355,20,6,1,9,41.21752236246748,5,0,1
28,8,15,1,5,19.84960811037371,15,4,1
48,8,15,4,5,7.815848535443043,1,2,1
135,7,0,3,0,36.89754736987961,22,1,1
460,16,3,1,9,18.023725257077693,17,4,1
182,0,3,0,1,33.56354126145663,9,2,0
150,24,6,2,10,13.532197099088282,23,0,1
251,28,7,0,5,4.061481740333633,23,2,0
229,10,16,2,1,49.62908977438817,16,0,0
135,7,4,2,2,7.810075396529964,12,6,1
67,9,6,1,3,49.42104969817405,23,4,1
157,24,19,1,10,48.86399662832236,17,5,1
485,6,19,0,4,39.69090519540198,21,4,1
465,2,3,2,14,32.97114810409988,12,6,0
326,2,5,0,8,28.890352512554234,16,3,0
392,17,6,3,11,43.305077268891736,4,3,1
370,4,17,0,14,14.471976080974397,10,3,1
432,11,4,4,14,23.38406062424385,6,4,0
10,11,19,0,3,30.969498468325096,9,1,1
396,18,2,4,12,20.559523793474554,16,4,1
470,29,6,4,10,21.3743227045134,14,6,1
357,5,13,4,8,16.51423337510422,17,6,1
199,1,6,3,10,28.2115908342268,22,5,0
200,11,4,0,9,42.5287264007558,21,2,1
378,18,4,0,2,10.076418900315643,18,4,1
418,4,1,3,7,46.72165193767207,1,4,1
321,11,5,2,11,34.45438268741148,3,0,1
426,26,14,1,0,41.16366063400151,2,6,0
431,26,9,0,10,27.809534631500583,6,0,1
126,16,6,1,8,38.97583507120317,23,0,1
143,28,4,3,8,0.8100198669733605,17,4,1
67,16,0,2,9,40.91902123897676,9,1,0
53,9,12,2,1,2.006942954268326,6,2,0
182,24,17,2,3,44.49566881814312,7,2,1
169,22,12,3,12,49.59813736193217,5,6,0
182,16,17,4,7,14.70337310883889,21,5,1
326,14,4,4,6,10.515927814289682,0,6,1
312,11,12,1,0,38.26816819290204,3,1,0
158,29,3,4,4,12.651317046012661,13,1,1
89,15,16,4,6,43.278119158610174,16,2,1
383,23,2,2,14,5.142129607873835,19,3,1
222,18,16,2,3,6.297759818967913,17,0,1
212,7,10,1,14,48.957577755030776,10,0,1
261,20,19,0,14,33.69194491350023,20,2,1
238,16,3,1,0,42.34436122144764,13,6,1
173,22,1,1,8,16.2164688675759,8,1,1
236,4,19,3,13,33.82418747603022,14,6,1
156,21,15,3,4,29.71209136542986,11,5,1
29,15,17,1,10,30.15750600614735,9,3,1
450,5,7,1,1,34.126622976886075,18,2,1
411,7,2,1,7,28.76795865645493,23,0,1
56,24,8,4,10,21.453118465133297,18,4,1
242,17,19,3,12,13.796134719027343,5,6,0
314,24,5,1,1,38.4290665456601,19,1,1
23,11,9,2,2,11.31362150015931,23,4,1
152,14,9,2,13,34.61771530772071,5,5,0
424,26,12,4,9,11.666641132466331,7,2,1
10,25,16,4,0,31.266508497722693,0,6,0
382,8,8,0,10,37.35391335645144,21,0,1
63,12,16,0,1,10.93569444532696,16,6,0
383,25,8,0,13,2.997165043065414,16,3,1
268,14,8,4,6,6.548687149708704,23,4,0
153,9,0,4,9,30.299848363551273,14,3,1
480,15,1,4,1,42.47232031128678,6,5,1
450,6,15,2,5,2.2498410617712183,18,0,1
468,16,0,4,14,36.70756295208231,21,4,0
21,22,9,2,2,17.065932297502606,22,5,1
339,25,17,0,3,23.926418495976126,2,3,1
233,20,7,0,10,46.44297749227828,21,3,1
281,21,10,0,14,16.598575236792275,10,4,1
465,25,1,1,12,23.2668466969743,19,0,1
367,6,7,1,7,0.6841207380340553,18,3,1
469,13,7,3,13,4.0799360002419185,8,2,0
417,14,16,3,2,12.929579556739201,9,5,0
165,20,14,3,9,1.3926120410537202,1,4,1
382,6,16,1,5,31.56876630241255,0,1,1
17,8,12,1,0,21.319917840081125,15,1,0
131,18,18,3,6,27.407260136401103,17,0,1
357,15,4,3,7,8.732359294816478,22,2,0
173,7,11,4,10,14.796601471830806,16,3,1
99,17,0,3,13,33.191223742636254,5,1,0
145,26,4,4,7,48.26513618151999,13,0,1
195,22,7,2,2,2.52083868011046,22,5,0
325,28,12,1,13,44.519216042763304,14,2,1
187,17,7,3,9,28.844060065560424,13,2,1
37,29,10,1,0,28.195978337781185,23,6,0
229,19,0,1,8,25.013926760388017,21,0,0
366,6,12,1,12,3.4697042952091692,2,0,0
50,2,18,2,5,4.493842586808033,23,6,0
237,17,2,0,10,30.045600282954304,22,3,1
201,26,16,3,8,17.047928571777916,18,0,1
420,9,4,0,6,45.86340332888403,11,6,1
456,6,19,0,0,20.329526867973613,1,3,0
154,16,7,0,11,7.1640729351320545,2,3,1
210,13,13,1,11,35.7359416751018,17,4,1
426,23,3,4,0,14.667671072050492,0,2,1
221,2,10,1,5,26.27351536779466,19,5,0
470,11,19,1,4,34.8916392752585,20,2,1
229,27,14,0,8,45.01320556010352,5,2,1
249,12,18,1,1,39.6095597400838,4,4,0
422,1,6,0,7,33.818053393636205,0,3,0
406,2,18,4,10,33.98165911975718,18,3,0
55,4,18,3,4,47.296232201604326,0,0,1
44,10,10,0,1,14.791204874826802,20,4,0
262,7,4,4,12,0.05560470980937038,20,0,1
399,25,4,3,9,13.597727969909934,15,4,1
91,22,7,2,10,10.8945689813372,11,0,1
380,22,9,0,10,33.09172925569991,21,1,1
265,11,5,0,11,31.68557998827645,7,6,1
206,6,14,2,5,29.67306913523619,15,2,1
312,14,15,2,9,0.812172160472685,0,2,1
418,23,16,0,7,36.438902722532376,3,5,1
459,16,7,2,3,16.176520624274577,9,6,1
19,3,7,1,1,33.25279945033156,10,3,0
321,28,8,3,11,27.828921425107666,16,5,1
295,21,1,3,10,17.13654627139536,22,1,1
251,24,14,3,4,6.7288133552053875,6,5,1
260,12,17,1,14,4.720944883024048,11,2,1
374,17,2,2,11,41.57591665561118,20,3,1
14,0,16,4,1,45.9198771040779,6,1,0
128,15,3,2,1,32.48940233821498,11,2,1
298,12,3,0,14,5.171705743024169,14,6,1
383,9,13,3,5,20.101360844412035,1,0,1
74,11,8,2,10,36.446960005257864,13,4,1
155,29,8,4,9,38.9910442005034,12,1,1
233,1,17,0,8,5.91093111455443,3,3,0
248,22,9,1,12,0.0015359422691207936,13,5,1
186,2,3,1,3,35.60685229403025,13,6,0
276,9,11,4,5,17.829808799310282,15,5,1
350,1,7,0,6,12.724066580913012,6,1,0
291,29,1,3,12,0.644873489476272,18,6,1
72,26,12,2,10,27.014970338074985,1,3,1
226,22,15,0,5,42.557536771299084,9,1,1
351,12,1,1,7,47.881582313629394,17,3,1
324,12,10,4,3,28.287247530664462,16,5,1
292,17,9,4,11,25.72306638699471,4,2,1
186,2,14,2,14,4.252819274462055,11,6,0
470,26,16,4,0,27.443640077129988,5,0,0
426,6,7,4,6,18.99895394826973,21,2,1
107,13,17,0,2,30.356764044178846,8,0,0
114,19,8,3,13,19.436317393827334,19,5,1
108,28,7,2,5,12.014956172518337,0,6,1
394,29,13,0,1,4.748263761418825,21,2,0
414,16,17,3,8,15.745922229444787,14,2,1
320,28,19,0,0,4.832241714387614,20,1,0
15,29,19,0,5,8.844847541199197,5,4,1
485,20,11,4,5,49.366807928977295,18,5,1
474,11,18,3,4,22.20517784533093,17,3,1
